﻿<?xml version="1.0" encoding="utf-8"?>
<DacOrigin xmlns="http://schemas.microsoft.com/sqlserver/dac/Serialization/2012/02">
  <PackageProperties>
    <Version>3.1.0.0</Version>
    <ContainsExportedData>true</ContainsExportedData>
    <StreamVersions>
      <Version StreamName="Data">2.0.0.0</Version>
      <Version StreamName="DeploymentContributors">1.0.0.0</Version>
    </StreamVersions>
  </PackageProperties>
  <Operation>
    <Identity>5093daf7-233e-45b8-b36c-69e93761ed78</Identity>
    <Start>2023-10-12T23:32:53.5652603-06:00</Start>
    <End>0001-01-01T00:00:00.0000000</End>
    <ProductName>Microsoft.SqlServer.Dac, Version=15.0.0.0, Culture=neutral, PublicKeyToken=b03f5f7f11d50a3a</ProductName>
    <ProductVersion>15.0.5282.3</ProductVersion>
    <ProductSchema>http://schemas.microsoft.com/sqlserver/dac/Serialization/2012/02</ProductSchema>
  </Operation>
  <Server>
    <ServerVersion>Microsoft SQL Azure (RTM) - 12.0.2000.8 
	Sep 18 2023 12:22:37 
	Copyright (C) 2022 Microsoft Corporation
</ServerVersion>
    <ObjectCounts>
      <CheckConstraint>2</CheckConstraint>
      <ComputedColumn>190</ComputedColumn>
      <DatabaseOptions>1</DatabaseOptions>
      <DefaultConstraint>367</DefaultConstraint>
      <DmlTrigger>7</DmlTrigger>
      <ForeignKeyConstraint>413</ForeignKeyConstraint>
      <Login>2</Login>
      <PermissionStatement>2</PermissionStatement>
      <PrimaryKeyConstraint>109</PrimaryKeyConstraint>
      <Procedure>498</Procedure>
      <RoleMembership>5</RoleMembership>
      <ScalarFunction>1</ScalarFunction>
      <Schema>4</Schema>
      <ScriptFunctionImplementation>1</ScriptFunctionImplementation>
      <SimpleColumn>1497</SimpleColumn>
      <SubroutineParameter>1846</SubroutineParameter>
      <Table>119</Table>
      <UniqueConstraint>67</UniqueConstraint>
      <User>2</User>
      <View>2</View>
    </ObjectCounts>
  </Server>
  <ExportStatistics>
    <SourceDatabaseSize>80496</SourceDatabaseSize>
    <TableRowCountTotalTag>85049</TableRowCountTotalTag>
  </ExportStatistics>
  <Checksums>
    <Checksum Uri="/model.xml">DF35A6C12306A495F26B4AB7E84F767E0356D1C7C7933EC8ADAD50ACAF88A541</Checksum>
  </Checksums>
  <ModelSchemaVersion>2.6</ModelSchemaVersion>
</DacOrigin>